{
  "task": [
    {
      "taskId": 1701493853535,
      "taskTitle": "home work",
      "taskTime": "12/2/2023, 10:40:53 AM",
      "taskCompleted": false,
      "id": 2
    },
    {
      "taskId": 1701495590465,
      "taskTitle": "ds",
      "taskTime": "12/2/2023, 11:09:50 AM",
      "taskCompleted": false,
      "id": 3
    },
    {
      "taskId": 1701495594265,
      "taskTitle": "ds",
      "taskTime": "12/2/2023, 11:09:54 AM",
      "taskCompleted": false,
      "id": 4
    },
    {
      "taskId": 1701495599765,
      "taskTitle": "fsfsvsvsgdsfdghsdfcx",
      "taskTime": "12/2/2023, 11:09:59 AM",
      "taskCompleted": false,
      "id": 5
    },
    {
      "taskId": 1701495606494,
      "taskTitle": "vstgefdcvfdqew",
      "taskTime": "12/2/2023, 11:10:06 AM",
      "taskCompleted": false,
      "id": 6
    }
  ],
  "users": [
    {
      "email": "shyamson366@gmail.com",
      "password": "$2a$10$5FzMNgH3MuVRkq2AyV/QBeOBse/aP1U6c8fCU0TqWFtDXKBVOdgYe",
      "fname": "shyam",
      "lname": "sundar",
      "cpassword": "123456",
      "id": 1
    },
    {
      "email": "test@gmail.com",
      "password": "$2a$10$Dfd1w4TtmW1S4C.D4o/xFuhQ8RmUwI6fZJYxXglljakX134XcoxSG",
      "fname": "shyam",
      "lname": "sundar",
      "cpassword": "123456@@@",
      "id": 2
    }
  ]
}