{
  "task": [
    {
      "taskId": 1702127019703,
      "taskTitle": "home",
      "taskTime": "12/9/2023, 6:33:39 PM",
      "taskCompleted": true,
      "id": 1
    }
  ],
  "users": [
    {
      "email": "shyamson366@gmail.com",
      "password": "$2a$10$5FzMNgH3MuVRkq2AyV/QBeOBse/aP1U6c8fCU0TqWFtDXKBVOdgYe",
      "fname": "shyam",
      "lname": "sundar",
      "cpassword": "123456",
      "id": 1
    },
    {
      "email": "test@gmail.com",
      "password": "$2a$10$Dfd1w4TtmW1S4C.D4o/xFuhQ8RmUwI6fZJYxXglljakX134XcoxSG",
      "fname": "shyam",
      "lname": "sundar",
      "cpassword": "123456@@@",
      "id": 2
    }
  ]
}